"Wavelength","Alexa Fluor 700 EX","Alexa Fluor 700 EM","Alexa Fluor 488 EX","Alexa Fluor 488 EM","Alexa Fluor 532 EX","Alexa Fluor 532 EM","Alexa Fluor 546 EX","Alexa Fluor 546 EM","Alexa Fluor 555 EX","Alexa Fluor 555 EM","Alexa Fluor 568 EX","Alexa Fluor 568 EM","Alexa Fluor 647 EX","Alexa Fluor 647 EM","Alexa Fluor 660 EX","Alexa Fluor 660 EM","Alexa Fluor 680 EX","Alexa Fluor 680 EM","Alexa Fluor 594 EX","Alexa Fluor 594 EM","BODIPY FL EX","BODIPY FL EM"
300,,,0.372,,0.236,,0.3059,,0.111,,0.1837,,,,0.1191,,,,0.1988,,0.0384
301,,,0.3514,,0.219,,0.2762,,0.0973,,0.155,,,,0.1079,,,,0.1796,,0.0392
302,,,0.3364,,0.2053,,0.2519,,0.0887,,0.1312,,,,0.0973,,,,0.1622,,0.0395
303,,,0.323,,0.1916,,0.2308,,0.0825,,0.1144,,,,0.0905,,,,0.1472,,0.0406
304,,,0.3089,,0.1785,,0.2097,,0.0808,,0.1,,,,0.0852,,,,0.1354,,0.0412
305,,,0.2993,,0.1696,,0.1946,,0.0678,,0.088,,,,0.081,,,,0.1166,,0.0414
306,,,0.2911,,0.161,,0.1783,,0.0571,,0.0802,,,,0.0783,,,,0.0999,,0.0417
307,,,0.2817,,0.1515,,0.163,,0.0573,,0.0739,,,,0.077,,,,0.0836,,0.0417
308,,,0.2784,,0.1471,,0.157,,0.0533,,0.0671,,,,0.0768,,,,0.0735,,0.0419
309,,,0.275,,0.1424,,0.1469,,0.0431,,0.0635,,,,0.0765,,,,0.0677,,0.0421
310,,,0.2729,,0.139,,0.1377,,0.0452,,0.0592,,,,0.078,,,,0.0579,,0.0423
311,,,0.2726,,0.1378,,0.134,,0.0439,,0.0552,,,,0.0782,,,,0.0508,,0.0428
312,,,0.2743,,0.138,,0.1329,,0.0396,,0.0551,,,,0.0805,,,,0.0527,,0.043
313,,,0.2737,,0.1387,,0.1286,,0.0385,,0.0508,,,,0.0829,,,,0.0462,,0.0432
314,,,0.2743,,0.14,,0.1272,,0.038,,0.0494,,,,0.0846,,,,0.0427,,0.0439
315,,,0.2732,,0.1419,,0.1256,,0.0365,,0.0513,,,,0.0872,,,,0.0397,,0.0445
316,,,0.2697,,0.1424,,0.1243,,0.0418,,0.0481,,,,0.0897,,,,0.0456,,0.0454
317,,,0.2668,,0.1444,,0.1226,,0.0381,,0.047,,,,0.0926,,,,0.0373,,0.0461
318,,,0.2592,,0.1439,,0.1202,,0.0337,,0.0472,,,,0.0948,,,,0.0388,,0.0465
319,,,0.2519,,0.1457,,0.1194,,0.0322,,0.0481,,,,0.0972,,,,0.0409,,0.0476
320,,,0.243,,0.1474,,0.1179,,0.0293,,0.0471,,,,0.0998,,,,0.0405,,0.0485
321,,,0.2328,,0.1473,,0.1157,,0.024,,0.0486,,,,0.1013,,,,0.0413,,0.0487
322,,,0.2198,,0.1456,,0.1135,,0.027,,0.0487,,,,0.1038,,,,0.0413,,0.0496
323,,,0.2098,,0.1477,,0.1178,,0.0234,,0.0491,,,,0.1034,,,,0.0421,,0.0503
324,,,0.1992,,0.148,,0.116,,0.0219,,0.0481,,,,0.105,,,,0.0423,,0.0507
325,,,0.1864,,0.1467,,0.1161,,0.0257,,0.048,,,,0.1061,,,,0.0418,,0.052
326,,,0.1757,,0.1479,,0.1183,,0.0294,,0.0483,,,,0.1069,,,,0.0396,,0.0534
327,,,0.1677,,0.1497,,0.1191,,0.0225,,0.0495,,,,0.1068,,,,0.0472,,0.0542
328,,,0.1582,,0.151,,0.1181,,0.0314,,0.0492,,,,0.1084,,,,0.0431,,0.0562
329,,,0.1493,,0.1511,,0.1143,,0.032,,0.0524,,,,0.1077,,,,0.0421,,0.0571
330,,,0.1439,,0.1517,,0.114,,0.0264,,0.0542,,,,0.1091,,,,0.0463,,0.0578
331,,,0.1393,,0.1527,,0.1136,,0.0291,,0.0549,,,,0.1104,,,,0.044,,0.0591
332,,,0.1363,,0.1516,,0.1143,,0.0284,,0.0562,,,,0.1115,,,,0.0461,,0.06
333,,,0.134,,0.1502,,0.1132,,0.0256,,0.0593,,,,0.1132,,,,0.0486,,0.0604
334,,,0.1336,,0.1482,,0.1147,,0.0226,,0.059,,,,0.1135,,,,0.0503,,0.0617
335,,,0.1342,,0.145,,0.1143,,0.0283,,0.0602,,,,0.1132,,,,0.0505,,0.0633
336,,,0.1356,,0.1408,,0.1133,,0.0207,,0.0633,,,,0.1123,,,,0.0522,,0.0633
337,,,0.1365,,0.135,,0.1123,,0.019,,0.0641,,,,0.1103,,,,0.0538,,0.0639
338,,,0.1394,,0.1301,,0.1111,,0.0174,,0.0654,,,,0.1068,,,,0.0562,,0.0644
339,,,0.1393,,0.1223,,0.1089,,0.0159,,0.0668,,,,0.1027,,,,0.0583,,0.0646
340,,,0.1399,,0.1156,,0.1083,,0.0154,,0.0684,,,,0.0979,,,,0.0609,,0.0655
341,,,0.1407,,0.1109,,0.1083,,0.014,,0.0692,,,,0.0933,,,,0.0621,,0.0668
342,,,0.1399,,0.105,,0.1071,,0.0124,,0.0704,,,,0.0883,,,,0.0633,,0.0679
343,,,0.1368,,0.0987,,0.1035,,0.0151,,0.071,,,,0.0839,,,,0.0645,,0.069
344,,,0.1348,,0.0948,,0.1031,,0.0129,,0.0723,,,,0.079,,,,0.0658,,0.0697
345,,,0.1307,,0.0904,,0.0993,,0.0118,,0.0733,,,,0.0757,,,,0.0683,,0.0703
346,,,0.1266,,0.0871,,0.0956,,0.0125,,0.0738,,,,0.0725,,,,0.0678,,0.0712
347,,,0.122,,0.0842,,0.0928,,0.0149,,0.0745,,,,0.0706,,,,0.0704,,0.0714
348,,,0.1176,,0.0825,,0.0894,,0.011,,0.0766,,,,0.0674,,,,0.0709,,0.0721
349,,,0.1124,,0.081,,0.0856,,0.0125,,0.0775,,,,0.0662,,,,0.0713,,0.0728
350,,,0.1085,,0.0811,,0.083,,0.0143,,0.0784,,,,0.0646,,,,0.0732,,0.0732
351,,,0.1025,,0.0794,,0.0795,,0.014,,0.0799,,,,0.0641,,,,0.0759,,0.0736
352,,,0.0981,,0.0803,,0.0781,,0.0116,,0.0807,,,,0.0626,,,,0.0774,,0.0739
353,,,0.0934,,0.0806,,0.0752,,0.013,,0.0813,,,,0.0626,,,,0.0811,,0.0747
354,,,0.0884,,0.0807,,0.0734,,0.0114,,0.0822,,,,0.0612,,,,0.0813,,0.075
355,,,0.0835,,0.0809,,0.0716,,0.0126,,0.0833,,,,0.061,,,,0.0835,,0.0745
356,,,0.0798,,0.0823,,0.0723,,0.01,,0.0839,,,,0.0601,,,,0.0856,,0.075
357,,,0.0753,,0.0825,,0.0705,,0.0108,,0.0845,,,,0.0599,,,,0.0899,,0.0752
358,,,0.0719,,0.0834,,0.0706,,0.0073,,0.0853,,,,0.0586,,,,0.0885,,0.0754
359,,,0.0688,,0.0844,,0.072,,0.0111,,0.0856,,,,0.0589,,,,0.0901,,0.0758
360,,,0.0658,,0.085,,0.073,,0.0059,,0.0868,,,,0.0585,,,,0.0916,,0.0754
361,,,0.0633,,0.0859,,0.0737,,0.0077,,0.0869,,,,0.0573,,,,0.0929,,0.0756
362,,,0.0611,,0.0863,,0.0756,,0.0085,,0.0875,,,,0.0566,,,,0.0924,,0.0758
363,,,0.0591,,0.0859,,0.0765,,0.0072,,0.0894,,,,0.0564,,,,0.0945,,0.0752
364,,,0.0573,,0.0862,,0.078,,0.0046,,0.089,,,,0.0555,,,,0.0945,,0.0745
365,,,0.0552,,0.0852,,0.0774,,0.0069,,0.0899,,,,0.0557,,,,0.0969,,0.0747
366,,,0.0534,,0.0843,,0.0761,,0.0052,,0.0905,,,,0.0554,,,,0.0969,,0.0741
367,,,0.0517,,0.0832,,0.075,,0.0052,,0.091,,,,0.0546,,,,0.099,,0.0728
368,,,0.0507,,0.0824,,0.0735,,0.0035,,0.0908,,,,0.0538,,,,0.1025,,0.0721
369,,,0.0494,,0.081,,0.0714,,0.0028,,0.0905,,,,0.0542,,,,0.1033,,0.0714
370,,,0.0481,,0.0787,,0.0697,,0.0005,,0.0905,,,,0.0538,,,,0.1035,,0.0705
371,,,0.0476,,0.0775,,0.0669,,0.0025,,0.0899,,,,0.0544,,,,0.1075,,0.0692
372,,,0.046,,0.0751,,0.0646,,0.0017,,0.0875,,,,0.0537,,,,0.1087,,0.069
373,,,0.0444,,0.0728,,0.0614,,0.0032,,0.0861,,,,0.0535,,,,0.1111,,0.0681
374,,,0.044,,0.0712,,0.0609,,0.0018,,0.0844,,,,0.0534,,,,0.1123,,0.067
375,,,0.0429,,0.0684,,0.0577,,0.0001,,0.0829,,,,0.0533,,,,0.1152,,0.0659
376,,,0.042,,0.0663,,0.056,,0.0047,,0.0805,,,,0.0527,,,,0.1137,,0.0642
377,,,0.0407,,0.0634,,0.0533,,0.0045,,0.0795,,,,0.0517,,,,0.1136,,0.0622
378,,,0.0396,,0.061,,0.0511,,0.0001,,0.0786,,,,0.0505,,,,0.1156,,0.0608
379,,,0.0388,,0.0587,,0.0497,,0.0069,,0.0774,,,,0.0501,,,,0.1143,,0.0591
380,,,0.0385,,0.0572,,0.0482,,0.0055,,0.0755,,,,0.0483,,,,0.1106,,0.0575
381,,,0.0368,,0.0536,,0.0467,,0.0053,,0.076,,,,0.0475,,,,0.1102,,0.0564
382,,,0.0365,,0.0516,,0.0465,,0.0056,,0.0756,,,,0.0458,,,,0.108,,0.0545
383,,,0.0361,,0.0498,,0.0457,,0.0176,,0.0742,,,,0.0438,,,,0.1094,,0.0534
384,,,0.0343,,0.0465,,0.0432,,0.0099,,0.0748,,,,0.0429,,,,0.1043,,0.0522
385,,,0.0344,,0.0452,,0.0443,,0.0046,,0.0743,,,,0.0419,,,,0.1036,,0.0509
386,,,0.0333,,0.0428,,0.0433,,0.0046,,0.0746,,,,0.0401,,,,0.1014,,0.0498
387,,,0.033,,0.0416,,0.0435,,0.0049,,0.0738,,,,0.0386,,,,0.0996,,0.0485
388,,,0.0327,,0.0399,,0.0434,,0.0042,,0.0737,,,,0.0368,,,,0.0985,,0.0463
389,,,0.0312,,0.0375,,0.0431,,0.0059,,0.0727,,,,0.036,,,,0.0981,,0.0448
390,,,0.0308,,0.0357,,0.0432,,0.0049,,0.0721,,,,0.0345,,,,0.0969,,0.0439
391,,,0.0305,,0.0342,,0.043,,0.0054,,0.0706,,,,0.0338,,,,0.0975,,0.0417
392,,,0.0294,,0.0326,,0.0422,,0.0045,,0.0694,,,,0.0326,,,,0.0967,,0.0395
393,,,0.0289,,0.0314,,0.0427,,0.0049,,0.067,,,,0.0315,,,,0.0985,,0.0377
394,,,0.0283,,0.0301,,0.0428,,0.0025,,0.0657,,,,0.03,,,,0.0975,,0.0353
395,,,0.0281,,0.0288,,0.0425,,0.0054,,0.0629,,,,0.0299,,,,0.0981,,0.0333
396,,,0.0274,,0.0272,,0.0418,,0.0042,,0.061,,,,0.0281,,,,0.0977,,0.0315
397,,,0.0274,,0.0269,,0.0427,,0.0044,,0.0583,,,,0.0281,,,,0.0979,,0.0293
398,,,0.0267,,0.0254,,0.0418,,0.0044,,0.0562,,,,0.0272,,,,0.0981,,0.028
399,,,0.0265,,0.0247,,0.0422,,0.0054,,0.0531,,,,0.0265,,,,0.0984,,0.0269
400,0.0461,,0.026,,0.0233,,0.041,,0.0027,,0.0508,,,,0.0259,,,,0.0963,,0.0247
401,0.0453,,0.0258,,0.0227,,0.0413,,0.0046,,0.0478,,,,0.0258,,,,0.096,,0.0234
402,0.0444,,0.0257,,0.0216,,0.0402,,0.0029,,0.0455,,,,0.0252,,,,0.0953,,0.0227
403,0.0439,,0.0257,,0.0211,,0.0403,,0.0044,,0.0432,,,,0.0248,,,,0.0948,,0.0214
404,0.0429,,0.0254,,0.0199,,0.0389,,0.0035,,0.0409,,,,0.0239,,,,0.0912,,0.0207
405,0.0421,,0.0254,,0.0192,,0.0388,,0.0038,,0.0381,,,,0.0231,,,,0.0917,,0.0201
406,0.0411,,0.0252,,0.0187,,0.0382,,0.0022,,0.0369,,,,0.0224,,,,0.0883,,0.0187
407,0.0403,,0.0254,,0.018,,0.0376,,0.0035,,0.0341,,,,0.0218,,,,0.0867,,0.0185
408,0.0393,,0.0255,,0.0174,,0.0373,,0.0032,,0.0318,,,,0.0208,,,,0.0836,,0.0183
409,0.0385,,0.0257,,0.0172,,0.0376,,0.0045,,0.0294,,,,0.0207,,,,0.0819,,0.0181
410,0.0377,,0.0264,,0.0165,,0.0372,,0.0036,,0.0275,,,,0.0201,,,,0.0794,,0.0183
411,0.0369,,0.0269,,0.0167,,0.0369,,0.0051,,0.0249,,,,0.0197,,,,0.0763,,0.0185
412,0.0359,,0.0272,,0.0164,,0.0365,,0.0042,,0.0237,,,,0.019,,,,0.073,,0.0185
413,0.0351,,0.0274,,0.016,,0.0359,,0.005,,0.0217,,,,0.0185,,,,0.0708,,0.0192
414,0.0343,,0.0279,,0.0157,,0.0348,,0.0052,,0.0202,,,,0.0179,,,,0.0679,,0.0196
415,0.0338,,0.0289,,0.016,,0.0354,,0.0044,,0.0185,,,,0.0178,,,,0.0649,,0.0201
416,0.0329,,0.0295,,0.0157,,0.035,,0.0045,,0.0172,,,,0.0168,,,,0.0624,,0.0205
417,0.0323,,0.0304,,0.0159,,0.0347,,0.0066,,0.0156,,,,0.0172,,,,0.0607,,0.0209
418,0.0315,,0.0313,,0.016,,0.0337,,0.0061,,0.0148,,,,0.0165,,,,0.0572,,0.0216
419,0.031,,0.032,,0.0158,,0.0336,,0.0059,,0.013,,,,0.0169,,,,0.0539,,0.0225
420,0.0299,,0.0332,,0.016,,0.033,,0.0059,,0.0122,,,,0.0158,,,,0.0524,,0.0231
421,0.0296,,0.0339,,0.0155,,0.0321,,0.0055,,0.0111,,,,0.0159,,,,0.0496,,0.024
422,0.0287,,0.0359,,0.0164,,0.0324,,0.0068,,0.0095,,,,0.0156,,,,0.0458,,0.0251
423,0.0283,,0.0375,,0.0162,,0.0326,,0.0069,,0.0092,,,,0.0153,,,,0.0456,,0.026
424,0.0275,,0.0388,,0.0161,,0.0313,,0.0059,,0.0081,,,,0.0158,,,,0.0429,,0.0273
425,0.0267,,0.0405,,0.0168,,0.0314,,0.0066,,0.0076,,,,0.015,,,,0.0404,,0.0284
426,0.0264,,0.0421,,0.017,,0.0304,,0.0092,,0.0065,,,,0.0157,,,,0.039,,0.0295
427,0.0254,,0.0437,,0.0168,,0.0293,,0.0095,,0.0067,,,,0.0153,,,,0.0375,,0.0315
428,0.0247,,0.0462,,0.0175,,0.0306,,0.0076,,0.0052,,,,0.0153,,,,0.0344,,0.0331
429,0.0242,,0.0487,,0.0184,,0.0294,,0.0076,,0.0061,,,,0.0152,,,,0.0344,,0.0344
430,0.0235,,0.0508,,0.0182,,0.0284,,0.0083,,0.0046,,,,0.0156,,,,0.0328,,0.037
431,0.023,,0.0534,,0.0183,,0.029,,0.0107,,0.0039,,,,0.0151,,,,0.0309,,0.0395
432,0.0224,,0.0561,,0.0195,,0.0295,,0.0076,,0.0036,,,,0.0165,,,,0.0294,,0.0417
433,0.0219,,0.059,,0.0199,,0.0287,,0.0093,,0.0036,,,,0.0153,,,,0.0301,,0.0441
434,0.0214,,0.0619,,0.0204,,0.029,,0.0082,,0.0025,,,,0.0159,,,,0.0281,,0.0467
435,0.0207,,0.0651,,0.0215,,0.0297,,0.0089,,0.0034,,,,0.0158,,,,0.0288,,0.0494
436,0.0203,,0.0681,,0.0219,,0.0294,,0.0088,,0.0032,,,,0.0168,,,,0.0272,,0.0529
437,0.0197,,0.0714,,0.0222,,0.0278,,0.0099,,0.0031,,,,0.0159,,,,0.0262,,0.0556
438,0.0193,,0.0747,,0.0227,,0.0274,,0.0101,,0.0023,,,,0.0169,,,,0.0264,,0.0586
439,0.0191,,0.0782,,0.0234,,0.0269,,0.0116,,0.003,,,,0.0165,,,,0.0257,,0.0624
440,0.0185,,0.0827,,0.0246,,0.0269,,0.0106,,0.0029,,,,0.0177,,,,0.0249,,0.0655
441,0.0183,,0.0869,,0.0257,,0.0265,,0.0106,,0.0033,,,,0.0178,,,,0.0244,,0.0686
442,0.018,,0.0907,,0.0264,,0.0267,,0.0112,,0.0026,,,,0.0184,,,,0.0238,,0.0725
443,0.0175,,0.0956,,0.0278,,0.0272,,0.012,,0.0026,,,,0.0181,,,,0.0238,,0.0758
444,0.0172,,0.1006,,0.0287,,0.0276,,0.0115,,0.0023,,,,0.0186,,,,0.0239,,0.0791
445,0.017,,0.1052,,0.0292,,0.0267,,0.0142,,0.0024,,,,0.0191,,,,0.0242,,0.0844
446,0.0168,,0.1112,,0.0309,,0.0285,,0.0143,,0.0023,,,,0.0201,,,,0.0239,,0.0886
447,0.0165,,0.1174,,0.0328,,0.0282,,0.0164,,0.0023,,,,0.0201,,,,0.0244,,0.0928
448,0.0161,,0.1235,,0.0336,,0.0278,,0.0184,,0.0025,,,,0.0204,,,,0.0245,,0.0981
449,0.016,,0.1305,,0.0352,,0.0281,,0.0182,,0.003,,,,0.0203,,,,0.0234,,0.1025
450,0.0155,,0.1383,,0.037,,0.029,,0.0186,,0.0032,,,,0.021,,,,0.0229,,0.1069
451,0.0152,,0.1459,,0.0385,,0.0291,,0.0213,,0.0038,,,,0.0217,,,,0.0234,,0.1131
452,0.0148,,0.156,,0.0412,,0.0296,,0.0207,,0.004,,,,0.0224,,,,0.0225,,0.1184
453,0.0146,,0.1643,,0.0426,,0.0293,,0.0229,,0.0048,,,,0.0224,,,,0.0238,,0.1237
454,0.0141,,0.1746,,0.0452,,0.0297,,0.0229,,0.005,,,,0.0234,,,,0.0226,,0.131
455,0.0142,,0.1847,,0.0473,,0.0298,,0.0261,,0.0058,,,,0.0233,,,,0.0228,,0.1369
456,0.0139,,0.196,,0.05,,0.0305,,0.027,,0.0057,,,,0.0245,,,,0.0243,,0.1433
457,0.0135,,0.2068,,0.0519,,0.0307,,0.0283,,0.0065,,,,0.025,,,,0.0237,,0.1519
458,0.0131,,0.2194,,0.0555,,0.0318,,0.0285,,0.0066,,,,0.0255,,,,0.0237,,0.1592
459,0.0131,,0.2309,,0.0574,,0.0309,,0.0324,,0.0076,,,,0.0258,,,,0.0236,,0.1673
460,0.0127,,0.2439,,0.061,,0.0319,,0.0329,,0.0078,,,,0.027,,,,0.0253,,0.1784
461,0.0124,,0.2567,,0.064,,0.0328,,0.0348,,0.0089,,,,0.0272,,,,0.0239,,0.1878
462,0.0122,,0.2698,,0.0672,,0.034,,0.0371,,0.0096,,,,0.0282,,,,0.0245,,0.198
463,0.0119,,0.2829,,0.0703,,0.0338,,0.0389,,0.0106,,,,0.0288,,,,0.0247,,0.2121
464,0.0114,,0.2961,,0.0741,,0.0356,,0.0414,,0.0111,,,,0.0299,,,,0.025,,0.2238
465,0.0112,,0.3089,,0.0773,,0.036,,0.0416,,0.0118,,,,0.0302,,,,0.0244,,0.2363
466,0.011,,0.3215,,0.0808,,0.0369,,0.0445,,0.0129,,,,0.0316,,,,0.0264,,0.2535
467,0.0107,,0.3341,,0.0845,,0.0376,,0.0475,,0.014,,,,0.0322,,,,0.0272,,0.2674
468,0.0107,,0.3467,,0.0878,,0.0381,,0.0509,,0.0144,,,,0.0334,,,,0.0275,,0.2813
469,0.0104,,0.3592,,0.0916,,0.0391,,0.0543,,0.0156,,,,0.0344,,,,0.027,,0.2985
470,0.0104,,0.3722,,0.096,,0.04,,0.0563,,0.017,,,,0.0355,,,,0.0284,,0.3115
471,0.0101,,0.385,,0.0999,,0.0413,,0.0598,,0.0179,,,,0.0364,,,,0.0283,,0.3241
472,0.01,,0.3972,,0.1042,,0.043,,0.0617,,0.0192,,,,0.0375,,,,0.0296,,0.3397
473,0.0098,,0.4107,,0.1095,,0.0447,,0.0666,,0.0203,,,,0.0385,,,,0.0293,,0.351
474,0.0096,,0.4249,,0.1148,,0.0469,,0.0712,,0.0216,,,,0.0393,,,,0.0315,,0.3624
475,0.0096,,0.4389,0.0098,0.1196,,0.0481,,0.0755,,0.0224,,,,0.0402,,,,0.031,,0.3761,0.0017
476,0.0093,,0.4545,0.007,0.1256,,0.0511,,0.0801,,0.0241,,,,0.0411,,,,0.0315,,0.3856,0.002
477,0.0091,,0.4709,0.0049,0.1316,,0.052,,0.0854,,0.0253,,,,0.0423,,,,0.0326,,0.3953,0.0024
478,0.0091,,0.4893,0.0048,0.139,,0.055,,0.0931,,0.0274,,,,0.044,,,,0.0338,,0.4063,0.003
479,0.0089,,0.5082,0.0057,0.146,,0.0563,,0.0963,,0.0294,,,,0.045,,,,0.0338,,0.4145,0.0038
480,0.0089,,0.5297,0.0071,0.1542,,0.0592,,0.1016,,0.0312,,,,0.0459,,,,0.0347,,0.4233,0.0047
481,0.0089,,0.5521,0.0086,0.1625,,0.0608,,0.108,,0.0337,,,,0.0474,,,,0.0361,,0.4354,0.0058
482,0.0088,,0.5768,0.0107,0.1721,,0.0637,,0.1141,,0.0357,,,,0.0487,,,,0.0369,,0.4458,0.0071
483,0.0088,,0.6025,0.0135,0.181,,0.0653,,0.1177,,0.0385,,,,0.05,,,,0.0366,,0.4583,0.0086
484,0.0085,,0.6297,0.0167,0.1917,,0.0679,,0.1242,,0.0412,,,,0.0514,,,,0.0397,,0.4769,0.0103
485,0.0085,,0.6589,0.021,0.2026,,0.0707,,0.1282,,0.0439,,,,0.0526,,,,0.0406,,0.4921,0.0123
486,0.0086,,0.6892,0.0258,0.214,,0.0725,,0.1342,,0.0468,,,,0.0541,,,,0.0424,,0.5095,0.0144
487,0.0085,,0.7199,0.0322,0.2251,,0.0742,,0.1377,,0.0499,,,,0.0558,,,,0.0435,,0.5328,0.017
488,0.0082,,0.7518,0.0394,0.2375,,0.0773,,0.1425,,0.0528,,,,0.0574,,,,0.0455,,0.5518,0.0201
489,0.0084,,0.7846,0.0485,0.2498,,0.0783,,0.1467,,0.0564,,,,0.059,,,,0.0474,,0.5723,0.0239
490,0.0084,,0.817,0.0591,0.2629,,0.0809,,0.1523,,0.0599,,,,0.0605,,,,0.05,,0.5988,0.0284
491,0.0084,,0.8491,0.071,0.2755,,0.0829,,0.1551,,0.0633,,,,0.0624,,,,0.0507,,0.6199,0.0341
492,0.0084,,0.88,0.0852,0.2887,,0.0858,,0.1611,,0.0671,,,,0.0638,,,,0.053,,0.6444,0.0413
493,0.0086,,0.9081,0.1021,0.3006,,0.0876,,0.1642,,0.071,,,,0.0659,,,,0.0555,,0.6777,0.0507
494,0.0085,,0.934,0.1219,0.3132,,0.0907,,0.1717,,0.0745,,,,0.0674,,,,0.0583,,0.7059,0.063
495,0.0086,,0.956,0.1454,0.3244,,0.0931,,0.1777,,0.0785,,,,0.0696,,,,0.0597,,0.7396,0.079
496,0.0086,,0.9751,0.1713,0.3366,,0.0972,,0.187,,0.0827,,,,0.0714,,,,0.0627,,0.787,0.0994
497,0.0088,,0.9883,0.2016,0.3462,,0.0995,,0.1927,,0.0865,,,,0.0735,,,,0.0654,,0.8258,0.1252
498,0.009,,0.9976,0.2353,0.3569,,0.104,,0.2018,,0.0905,,,,0.0755,,,,0.0687,,0.8686,0.1571
499,0.0092,,1,0.2723,0.3655,,0.1085,,0.2119,,0.0945,,,,0.0775,,,,0.0722,,0.9204,0.1959
500,0.0092,,0.9982,0.3126,0.3749,,0.113,,0.2237,,0.0982,,0.01,,0.0798,,0.0195,,0.0748,,0.9548,0.2427
501,0.0096,,0.9894,0.3551,0.3821,,0.1177,,0.2332,,0.1022,,0.009,,0.0817,,0.0238,,0.0768,,0.983,0.2991
502,0.0099,,0.9746,0.4005,0.39,,0.1245,,0.2472,,0.106,,0.0092,,0.0839,,0.0247,,0.0806,,1,0.3661
503,0.0101,,0.9546,0.4465,0.3973,,0.1311,,0.2581,,0.1096,,0.0096,,0.0864,,0.0251,,0.0823,,0.9951,0.444
504,0.0105,,0.9287,0.4966,0.4043,,0.1384,,0.2752,,0.1139,,0.0098,,0.0885,,0.026,,0.087,,0.9709,0.5313
505,0.0109,,0.8976,0.5447,0.4109,,0.1464,,0.2893,,0.118,,0.0103,,0.091,,0.0262,,0.0892,,0.9138,0.6247
506,0.0112,,0.8619,0.5961,0.4184,,0.1551,,0.3079,,0.1223,,0.0108,,0.0932,,0.0271,,0.0918,,0.8514,0.7193
507,0.0115,,0.8214,0.6463,0.4261,,0.1643,,0.3254,,0.1263,,0.0108,,0.096,,0.0277,,0.0951,,0.7718,0.8085
508,0.0119,,0.7789,0.6978,0.4346,,0.174,,0.3444,,0.1315,,0.0111,,0.0983,,0.0277,,0.0987,,0.6627,0.886
509,0.0122,,0.7332,0.7429,0.4438,,0.1846,,0.3617,,0.1366,,0.0118,,0.1004,,0.0289,,0.1004,,0.5765,0.9458
510,0.0129,,0.6857,0.7911,0.4545,,0.1954,,0.3815,,0.1417,,0.0122,,0.1031,,0.0294,,0.1043,,0.4872,0.9841
511,0.013,,0.6371,0.8308,0.4663,,0.207,,0.4015,,0.1476,,0.0124,,0.1053,,0.0306,,0.1056,,0.3858,1
512,0.0137,,0.5893,0.8677,0.48,,0.219,,0.4188,,0.1537,,0.0133,,0.1089,,0.0311,,0.1091,,0.3177,0.9959
513,0.014,,0.5398,0.9018,0.4941,,0.2301,,0.4354,,0.1604,,0.0139,,0.1116,,0.0313,,0.1121,,0.2553,0.9752
514,0.0147,,0.4937,0.9287,0.5114,,0.243,,0.4535,,0.1685,,0.0144,,0.1141,,0.0319,,0.1158,,0.1933,0.9415
515,0.015,,0.4472,0.9506,0.5296,,0.2547,,0.4666,,0.1765,,0.0145,,0.117,,0.0334,,0.1195,,0.1561,0.8977
516,0.0158,,0.4045,0.9695,0.5504,,0.2666,,0.4798,,0.1851,,0.0156,,0.1205,,0.0335,,0.1237,,0.1243,0.8468
517,0.0164,,0.3623,0.9843,0.5725,,0.2768,,0.4899,,0.1947,,0.0157,,0.1234,,0.0346,,0.1272,,0.095,0.7924
518,0.0168,,0.3233,0.9947,0.5976,,0.2883,,0.4962,,0.2051,,0.0162,,0.126,,0.0365,,0.1315,,0.0778,0.7374
519,0.0175,,0.2876,0.9982,0.6239,,0.2966,,0.4996,,0.2159,,0.0172,,0.1295,,0.0372,,0.1362,,0.0631,0.685
520,0.0182,,0.2535,1,0.6522,0.057,0.3052,,0.5051,,0.228,,0.0178,,0.1327,,0.038,,0.1433,,0.0494,0.6371
521,0.019,,0.2228,0.9962,0.6825,0.0636,0.3126,,0.5041,,0.2402,,0.0181,,0.136,,0.0396,,0.1483,,0.0417,0.5951
522,0.0196,,0.1952,0.9858,0.7143,0.0733,0.319,,0.5044,,0.2536,,0.0187,,0.1391,,0.041,,0.1549,,0.0348,0.5591
523,0.0205,,0.1712,0.9728,0.7465,0.0865,0.3229,,0.5,,0.2671,,0.019,,0.1428,,0.0412,,0.1623,,0.0282,0.5285
524,0.0211,,0.1491,0.9598,0.7793,0.1007,0.3261,,0.4987,,0.2812,,0.0197,,0.1463,,0.043,,0.1692,,0.0243,0.5022
525,0.0218,,0.1297,0.9428,0.8116,0.1178,0.328,,0.4921,,0.2957,,0.0205,,0.1498,,0.0438,,0.1766,,0.0205,0.4792
526,0.0226,,0.1125,0.9226,0.8444,0.1362,0.3284,,0.4896,,0.3114,,0.021,,0.1532,,0.0448,,0.1843,,0.0172,0.4585
527,0.0236,,0.0975,0.9039,0.8749,0.1603,0.3276,,0.4865,,0.327,,0.0221,,0.1568,,0.0461,,0.1944,,0.0152,0.4393
528,0.0242,,0.0847,0.8815,0.9042,0.1849,0.327,,0.4846,,0.3428,,0.0229,,0.1605,,0.0465,,0.2041,,0.0132,0.4215
529,0.0251,,0.0733,0.8596,0.9304,0.2118,0.3257,,0.4839,,0.3583,,0.0232,,0.1645,,0.0483,,0.215,,0.0112,0.4048
530,0.0261,,0.0641,0.8335,0.9538,0.246,0.3246,0.027,0.4879,,0.3738,,0.0241,,0.169,,0.0495,,0.2269,,0.0099,0.3896
531,0.0269,,0.0554,0.8076,0.9724,0.2825,0.3231,0.0189,0.4906,,0.3903,,0.0251,,0.1723,,0.0524,,0.2384,,0.0088,0.3756
532,0.0278,,0.0483,0.7826,0.9869,0.3199,0.3237,0.0105,0.4966,,0.4057,,0.0269,,0.1765,,0.0532,,0.2494,,0.0077,0.3633
533,0.029,,0.0423,0.7546,0.9965,0.3571,0.3248,0.0081,0.505,,0.4207,,0.0279,,0.1803,,0.0549,,0.262,,0.0073,0.3523
534,0.03,,0.0372,0.7263,1,0.3986,0.3271,0.0085,0.5148,,0.4352,,0.029,,0.185,,0.057,,0.2742,,0.0068,0.3428
535,0.0309,,0.0327,0.7006,0.9977,0.4403,0.3308,0.0095,0.5272,0.0193,0.4493,,0.0296,,0.1893,,0.0581,,0.2876,,0.0062,0.3348
536,0.0321,,0.0288,0.6765,0.99,0.4842,0.3368,0.0116,0.542,0.0208,0.4624,,0.0303,,0.194,,0.0595,,0.2993,,0.0055,0.3279
537,0.033,,0.0256,0.6506,0.976,0.5299,0.344,0.0136,0.5586,0.0232,0.4745,,0.0322,,0.1981,,0.0606,,0.312,,0.0051,0.3219
538,0.034,,0.0233,0.6291,0.957,0.5772,0.3548,0.0153,0.5794,0.0251,0.486,,0.0332,,0.2027,,0.0627,,0.3266,,0.0049,0.3162
539,0.0353,,0.0207,0.6053,0.9315,0.6207,0.3664,0.0185,0.5995,0.0305,0.496,,0.0348,,0.2075,,0.0648,,0.3384,,0.0046,0.3105
540,0.0362,,0.0188,0.5838,0.9019,0.6659,0.3812,0.0218,0.6246,0.0372,0.5046,,0.0359,,0.2118,,0.0665,,0.3502,,0.0042,0.3041
541,0.0375,,0.0164,0.5619,0.8668,0.7112,0.397,0.026,0.6503,0.0429,0.5117,,0.0382,,0.2165,,0.0685,,0.3619,,0.0037,0.297
542,0.0386,,0.016,0.5415,0.8292,0.7573,0.4174,0.0314,0.6788,0.0543,0.5178,,0.0401,,0.2216,,0.0709,,0.3734,,0.0035,0.2892
543,0.0397,,0.0144,0.5227,0.7873,0.7942,0.4389,0.0369,0.7103,0.0648,0.5216,,0.0415,,0.2262,,0.073,,0.3845,,0.0035,0.2808
544,0.0411,,0.0134,0.5057,0.7433,0.8349,0.4644,0.0433,0.7426,0.0793,0.5253,,0.0429,,0.2315,,0.074,,0.3942,,0.0035,0.2716
545,0.0421,,0.0123,0.4899,0.6984,0.8668,0.4906,0.0514,0.7785,0.0959,0.5269,,0.0463,,0.2359,,0.0762,,0.4033,,0.0033,0.2621
546,0.0434,,0.0119,0.472,0.652,0.8971,0.5209,0.0632,0.8143,0.1161,0.5283,,0.0473,,0.2417,,0.0784,,0.4125,,0.0033,0.2521
547,0.0449,,0.0107,0.4573,0.6051,0.9234,0.5519,0.0753,0.8528,0.14,0.5279,,0.0494,,0.2462,,0.0807,,0.4209,,0.0035,0.2421
548,0.0464,,0.0108,0.4416,0.5586,0.9445,0.5878,0.093,0.8882,0.1669,0.528,,0.0513,,0.2516,,0.0834,,0.4273,,0.0035,0.2322
549,0.0476,,0.01,0.4274,0.5129,0.9612,0.6236,0.1108,0.9209,0.1961,0.5275,,0.0541,,0.2564,,0.0856,,0.4334,,0.0033,0.2227
550,0.049,,0.0097,0.4128,0.4681,0.9781,0.6634,0.1336,0.9506,0.2374,0.5282,,0.0566,,0.2616,,0.0881,,0.4382,,0.0031,0.2134
551,0.0506,,,0.4004,0.4257,0.9897,0.7032,0.1577,0.9757,0.2753,0.5294,,0.0583,,0.2667,,0.0911,,0.4428,,0.0029,0.2045
552,0.0521,,,0.3874,0.3844,0.9961,0.7444,0.1863,0.9915,0.3215,0.5316,,0.0608,,0.2718,,0.093,,0.4447,,0.0029,0.1956
553,0.0538,,,0.3766,0.3463,1,0.7844,0.2183,1,0.3717,0.5356,,0.0626,,0.2768,,0.0956,,0.4479,,0.0029,0.187
554,0.0555,,,0.3646,0.3107,0.9976,0.8249,0.2546,0.9992,0.4243,0.5412,,0.0648,,0.2822,,0.0978,,0.4502,,0.0026,0.1784
555,0.057,,,0.3537,0.2773,0.9923,0.8631,0.2935,0.9887,0.4858,0.5478,0.0354,0.0665,,0.2869,,0.0994,,0.4521,,0.0024,0.1701
556,0.0589,,,0.3431,0.2475,0.9874,0.8989,0.3379,0.9666,0.5451,0.5575,0.0272,0.0682,,0.2923,,0.1008,,0.4539,,0.0024,0.1621
557,0.0607,,,0.3324,0.2203,0.977,0.9303,0.3849,0.9356,0.6003,0.5689,0.0201,0.0706,,0.2971,,0.1058,,0.4567,,0.0024,0.1542
558,0.0624,,,0.3229,0.196,0.9658,0.9564,0.4292,0.8936,0.6674,0.5821,0.02,0.0732,,0.3027,,0.1074,,0.4575,,0.0024,0.1464
559,0.0642,,,0.3139,0.1734,0.9489,0.9775,0.4791,0.8493,0.7259,0.5975,0.0211,0.0746,,0.307,,0.1094,,0.4607,,0.0024,0.1389
560,0.0665,,,0.303,0.1532,0.9293,0.9921,0.5301,0.7973,0.7798,0.6146,0.0247,0.0768,,0.3128,,0.1119,,0.4642,,0.0024,0.132
561,0.0683,,,0.2929,0.1358,0.9107,1,0.5899,0.7419,0.8271,0.6347,0.0289,0.08,,0.3183,,0.113,,0.4682,,0.0024,0.1255
562,0.0706,,,0.2837,0.1204,0.8928,0.9995,0.6485,0.6812,0.8729,0.6557,0.0322,0.0804,,0.3236,,0.1171,,0.4727,,0.0024,0.1196
563,0.0724,,,0.2751,0.1062,0.87,0.9924,0.7038,0.6214,0.9129,0.6794,0.0371,0.0833,,0.3289,,0.1187,,0.4796,,0.0022,0.114
564,0.0747,,,0.2659,0.0942,0.8458,0.9771,0.7558,0.5615,0.9483,0.7037,0.0433,0.0865,,0.334,,0.1211,,0.4891,,0.0024,0.1088
565,0.0769,,,0.2579,0.0835,0.8251,0.9548,0.8031,0.5023,0.9704,0.7297,0.05,0.0886,,0.3397,,0.124,,0.4975,,0.0022,0.1038
566,0.0792,,,0.2508,0.074,0.8013,0.9254,0.8442,0.4467,0.9888,0.7569,0.0564,0.0893,,0.3451,,0.1261,,0.5097,,0.002,0.0991
567,0.0815,,,0.2425,0.0656,0.7756,0.89,0.89,0.3959,0.9969,0.784,0.0654,0.0922,,0.3513,,0.1298,,0.5205,,0.002,0.0944
568,0.084,,,0.233,0.058,0.7551,0.8491,0.9228,0.3469,1,0.8108,0.0756,0.0959,,0.3569,,0.1324,,0.538,,0.002,0.0898
569,0.0864,,,0.2249,0.0514,0.7306,0.8036,0.9515,0.3031,0.9923,0.8387,0.0851,0.0992,,0.3626,,0.1356,,0.5541,,0.0018,0.0855
570,0.0889,,,0.2195,0.0458,0.7078,0.7547,0.9728,0.2626,0.9786,0.8653,0.0983,0.1024,,0.3689,,0.1385,,0.5741,,0.0015,0.0814
571,0.0913,,,0.2107,0.0406,0.6844,0.7047,0.9883,0.2265,0.9646,0.8902,0.109,0.1065,,0.3755,,0.1407,,0.5922,,0.0018,0.0776
572,0.094,,,0.2031,0.0364,0.6607,0.6523,1,0.1951,0.9481,0.9138,0.1232,0.1111,,0.3811,,0.1436,,0.6161,,0.0018,0.0741
573,0.0967,,,0.1949,0.0323,0.6397,0.6,0.9973,0.1669,0.9265,0.9356,0.1413,0.1159,,0.3884,,0.1461,,0.6381,,0.0018,0.0708
574,0.0993,,,0.188,0.0289,0.6197,0.5471,0.9934,0.143,0.889,0.9552,0.1573,0.1203,,0.3947,,0.1468,,0.6642,,0.0018,0.0678
575,0.1021,,,0.1816,0.0258,0.5969,0.4969,0.9838,0.1233,0.8622,0.9718,0.1863,0.1249,,0.402,,0.1509,,0.6886,,0.0015,0.0649
576,0.1048,,,0.174,0.0236,0.579,0.4475,0.9763,0.1034,0.8361,0.9846,0.2082,0.1297,,0.4085,,0.1541,,0.7175,,0.0015,0.0622
577,0.1077,,,0.1673,0.0211,0.5642,0.4015,0.9477,0.0886,0.7992,0.994,0.2372,0.1352,,0.4166,,0.1555,,0.7451,,0.0015,0.0595
578,0.1104,,,0.1614,0.0192,0.5439,0.3577,0.9267,0.0765,0.7678,0.9991,0.2705,0.1419,,0.4237,,0.1594,,0.7737,,0.0018,0.057
579,0.1131,,,0.155,0.0174,0.526,0.3167,0.9035,0.0663,0.7384,1,0.3002,0.1492,,0.4314,,0.1628,,0.8002,,0.0015,0.0545
580,0.1162,,,0.1492,0.016,0.5114,0.2782,0.8709,0.0553,0.7047,0.996,0.3352,0.1551,,0.4391,,0.1664,,0.8281,0.0616,0.0015,0.0523
581,0.119,,,0.1427,0.0148,0.4938,0.2436,0.8454,0.047,0.6809,0.9881,0.3709,0.161,,0.4473,,0.17,,0.8546,0.0666,0.0015,0.0501
582,0.1221,,,0.1359,0.0138,0.4798,0.2132,0.8134,0.0406,0.6505,0.9754,0.407,0.1708,,0.4553,,0.173,,0.8816,0.0739,0.0018,0.048
583,0.1252,,,0.1294,0.0125,0.4646,0.1863,0.7796,0.0365,0.628,0.9586,0.4437,0.1776,,0.4635,,0.1766,,0.9056,0.0844,0.0018,0.0459
584,0.128,,,0.1252,0.0118,0.4503,0.1618,0.7414,0.0321,0.5972,0.9381,0.4852,0.1864,,0.4716,,0.1807,,0.9281,0.097,0.0015,0.0438
585,0.1312,,,0.1194,0.0111,0.4391,0.1406,0.7077,0.029,0.5724,0.9138,0.5323,0.1928,,0.4802,,0.1855,,0.948,0.1105,0.0015,0.042
586,0.1342,,,0.1156,0.0104,0.4283,0.1224,0.6703,0.024,0.5491,0.8859,0.5656,0.2036,,0.4887,,0.1892,,0.9649,0.1252,0.0015,0.0404
587,0.1373,,,0.1114,0.0098,0.4127,0.1067,0.6419,0.0221,0.5234,0.855,0.6061,0.2121,,0.4971,,0.1913,,0.9771,0.142,0.0015,0.0389
588,0.1403,,,0.1065,0.0093,0.4047,0.0932,0.611,0.0187,0.5089,0.8217,0.6505,0.2208,,0.5055,,0.1958,,0.9884,0.1621,0.0015,0.0374
589,0.1435,,,0.1029,0.0093,0.3935,0.0814,0.5786,0.0169,0.4885,0.7867,0.6859,0.2299,,0.5138,,0.2012,,0.9956,0.1837,0.0013,0.0359
590,0.1467,,,0.0989,0.0084,0.3817,0.0708,0.5528,0.0161,0.4744,0.7502,0.7245,0.24,,0.5219,,0.2041,,1,0.2067,0.0013,0.0345
591,0.1501,,,0.0947,0.0087,0.372,0.0625,0.528,0.0144,0.4627,0.7127,0.768,0.2468,,0.5308,,0.2103,,0.9978,0.2306,0.0015,0.0331
592,0.1534,,,0.0911,0.0082,0.3628,0.0553,0.5019,0.0126,0.4522,0.6731,0.798,0.2558,,0.5386,,0.2133,,0.9945,0.2573,0.0018,0.0317
593,0.1569,,,0.0873,0.0079,0.3519,0.0492,0.4782,0.0135,0.437,0.6346,0.8323,0.2626,,0.5468,,0.219,,0.9855,0.2882,0.0018,0.0303
594,0.1604,,,0.084,0.0075,0.3439,0.0439,0.4558,0.0126,0.432,0.5951,0.872,0.2711,,0.5545,,0.2242,,0.9741,0.3139,0.0015,0.0289
595,0.1641,,,0.0808,0.0074,0.3379,0.0396,0.4345,0.0109,0.4245,0.5566,0.897,0.2776,,0.5628,,0.229,,0.9589,0.3449,0.0015,0.0276
596,0.1678,,,0.0774,0.0073,0.3259,0.0352,0.4167,0.0106,0.4177,0.5189,0.924,0.2848,,0.57,,0.2341,,0.9385,0.3766,0.0015,0.0265
597,0.1717,,,0.0742,0.0069,0.316,0.0323,0.3993,0.0124,0.4147,0.4828,0.9397,0.2913,,0.5775,,0.2384,,0.9165,0.4123,0.0015,0.0255
598,0.1758,,,0.072,0.0071,0.3068,0.0295,0.3795,0.0085,0.4135,0.4466,0.9575,0.2973,,0.5843,,0.2439,,0.8901,0.448,0.0015,0.0245
599,0.1799,,,0.0688,0.0065,0.3,0.0268,0.3637,0.0108,0.4083,0.4132,0.9678,0.3023,,0.591,,0.2506,,0.8615,0.4851,0.0015,0.0237
600,0.1842,,,0.0669,0.0068,0.2905,0.0253,0.3492,0.0096,0.4054,0.3803,0.9829,0.3052,,0.5975,,0.2547,,0.8312,0.5236,0.0015,0.0229
601,0.1886,,,0.0642,0.0067,0.2844,0.0237,0.3365,,0.4073,0.3502,0.9908,0.3085,,0.604,,0.2599,,0.7992,0.561,,0.0221
602,0.1933,,,0.0621,0.0066,0.2757,0.0225,0.3213,,0.4021,0.3215,0.9934,0.3132,,0.6096,,0.2627,,0.7635,0.598,,0.0214
603,0.1981,,,0.0601,0.0064,0.2685,0.0207,0.3135,,0.4073,0.2944,1,0.3146,,0.615,,0.2692,,0.7283,0.6373,,0.0206
604,0.2034,,,0.0575,0.0064,0.2607,0.0205,0.2999,,0.4028,0.2688,0.9939,0.319,,0.6205,,0.2752,,0.6904,0.6779,,0.0197
605,0.2087,,,0.0559,0.0064,0.2554,0.0192,0.2903,,0.4064,0.2456,0.9855,0.3189,,0.6256,,0.282,,0.6528,0.7155,,0.0189
606,0.2142,,,0.0539,0.0064,0.2475,0.0192,0.2808,,0.4084,0.2244,0.9717,0.3189,,0.6301,,0.2875,,0.6144,0.7481,,0.018
607,0.2202,,,0.0511,0.0066,0.2404,0.018,0.2735,,0.4017,0.2042,0.9591,0.3191,,0.6346,,0.2913,,0.576,0.7844,,0.0171
608,0.2259,,,0.0501,0.0062,0.2331,0.0175,0.2634,,0.4015,0.1852,0.9424,0.3235,,0.6384,,0.2947,,0.5379,0.818,,0.0163
609,0.2325,,,0.048,0.0058,0.2258,0.0169,0.2626,,0.4036,0.1689,0.9349,0.3238,,0.6417,,0.3017,,0.4995,0.8476,,0.0155
610,0.239,,,0.0465,0.0063,0.2175,0.0163,0.2568,,0.3983,0.1534,0.9129,0.3252,,0.6452,,0.306,,0.4643,0.876,,0.0148
611,0.2457,,,0.0452,0.006,0.2119,0.0158,0.2509,,0.3993,0.1392,0.8866,0.3277,,0.6479,,0.313,,0.4291,0.9036,,0.0143
612,0.2528,,,0.0433,0.006,0.2042,0.0158,0.2466,,0.3932,0.1265,0.8707,0.3247,,0.6508,,0.3161,,0.3961,0.9263,,0.0137
613,0.26,,,0.042,0.006,0.1975,0.0154,0.2456,,0.3841,0.1151,0.8444,0.3289,,0.6529,,0.3198,,0.3637,0.9441,,0.013
614,0.2675,,,0.0405,0.0059,0.1914,0.0148,0.2404,,0.3841,0.1035,0.8213,0.3301,,0.6549,,0.3244,,0.3323,0.9587,,0.0124
615,0.2751,,,0.0389,0.0058,0.1856,0.0145,0.2366,,0.3767,0.0938,0.8002,0.3334,,0.657,0.0016,0.3285,,0.305,0.9746,,0.0118
616,0.2831,,,0.0378,0.006,0.1807,0.0151,0.2342,,0.3686,0.0848,0.7732,0.3347,,0.6587,0.0015,0.3327,,0.2782,0.9857,,0.0112
617,0.291,,,0.0364,0.0061,0.1743,0.015,0.23,,0.359,0.077,0.7534,0.3427,,0.6602,0.0016,0.338,,0.2524,0.9958,,0.0107
618,0.2994,,,0.0357,0.006,0.1694,0.0142,0.2272,,0.3515,0.0691,0.7249,0.3475,,0.6621,0.0017,0.3441,,0.2301,1,,0.0102
619,0.3077,,,0.0341,0.0058,0.1618,0.014,0.2253,,0.3418,0.0625,0.7,0.3563,,0.6637,0.0016,0.3486,,0.2079,0.9983,,0.0097
620,0.3164,,,0.033,0.0058,0.1571,0.0141,0.2247,,0.3381,0.0559,0.6784,0.3662,,0.665,0.0029,0.3502,,0.1883,0.996,,0.0093
621,0.3252,,,0.0313,0.0058,0.1523,0.0143,0.2185,,0.3282,0.0507,0.6509,0.376,,0.6667,0.0024,0.3518,,0.1708,0.9947,,0.0089
622,0.3343,,,0.0305,0.0054,0.1465,0.0141,0.2172,,0.3144,0.0452,0.6236,0.3851,,0.6686,0.0026,0.3577,,0.1542,0.9848,,0.0086
623,0.3429,,,0.029,0.0057,0.1404,0.0145,0.2127,,0.306,0.0402,0.6017,0.3989,,0.6707,0.0029,0.3607,,0.1386,0.9762,,0.0083
624,0.3521,,,0.0279,0.0057,0.1356,0.0139,0.2092,,0.2909,0.0361,0.5811,0.4155,,0.6726,0.0026,0.3653,,0.1244,0.9681,,0.0078
625,0.3612,,,0.0269,0.0056,0.1294,0.014,0.2045,,0.2893,0.0319,0.5618,0.427,,0.675,0.0036,0.3673,,0.1115,0.9533,,0.0074
626,0.3701,,,0.0259,0.0057,0.1249,0.0135,0.2016,,0.2734,0.0285,0.548,0.4442,,0.6784,0.0046,0.3696,,0.1002,0.9343,,0.007
627,0.3793,,,0.0244,0.0057,0.1221,0.0135,0.1982,,0.2643,0.0251,0.526,0.4672,,0.6811,0.0042,0.3771,,0.0909,0.9177,,0.0067
628,0.3883,,,0.0239,0.0059,0.1183,0.0135,0.1935,,0.2546,0.0223,0.5088,0.4915,,0.6848,0.006,0.3777,,0.0801,0.8987,,0.0065
629,0.3974,,,0.0228,0.0056,0.1123,0.0133,0.1889,,0.2428,0.0194,0.4875,0.5123,,0.6889,0.0059,0.382,,0.0721,0.8816,,0.0062
630,0.4062,,,0.0217,0.0056,0.1089,0.0132,0.1845,,0.2343,0.0174,0.4755,0.5403,0.0215,0.6934,0.0071,0.3853,,0.0666,0.8592,,0.0059
631,0.415,,,0.0211,0.0056,0.105,0.0125,0.1803,,0.2256,0.0146,0.4556,0.5666,0.0235,0.6987,0.007,0.3927,,0.0584,0.8413,,0.0056
632,0.4235,,,0.0204,0.0053,0.1013,0.0129,0.1719,,0.2165,0.0129,0.4408,0.5917,0.0272,0.7041,0.0094,0.3976,,0.0531,0.819,,0.0053
633,0.4316,,,0.0197,0.0056,0.0978,0.0131,0.1663,,0.2117,0.0107,0.4325,0.6202,0.0314,0.7107,0.0092,0.4005,,0.048,0.7976,,0.0052
634,0.4399,,,0.0192,0.0055,0.0935,0.0129,0.1615,,0.2001,0.0096,0.4145,0.6501,0.0369,0.7174,0.0114,0.4027,,0.043,0.7706,,0.005
635,0.4476,,,0.0186,0.0056,0.09,0.013,0.1573,,0.1945,0.0081,0.4032,0.678,0.0426,0.7256,0.0136,0.4081,,0.0382,0.7486,,0.0047
636,0.4553,,,0.0183,0.0056,0.0865,0.0132,0.1516,,0.1873,0.0069,0.3891,0.7052,0.0498,0.7337,0.0135,0.4131,,0.0349,0.7284,,0.0044
637,0.4621,,,0.0169,0.0052,0.0843,0.013,0.1394,,0.1816,0.0057,0.3783,0.7364,0.0581,0.7423,0.0161,0.4219,,0.0306,0.7024,,0.0041
638,0.4688,,,0.0167,0.0054,0.081,0.013,0.1361,,0.1728,0.0048,0.3703,0.7706,0.0673,0.7517,0.0187,0.4307,,0.0276,0.6788,,0.0038
639,0.4747,,,0.0158,0.0055,0.0783,0.0126,0.1293,,0.1681,0.0037,0.3563,0.8041,0.0781,0.762,0.0194,0.4358,,0.0247,0.6578,,0.0036
640,0.4807,0.0075,,0.0156,0.0052,0.0752,0.0128,0.1244,,0.1585,0.0033,0.3461,0.8279,0.0894,0.773,0.0227,0.4435,,0.023,0.6364,,0.0034
641,0.4858,0.0064,,0.0149,0.0056,0.0731,0.0132,0.1176,,0.1528,0.0024,0.333,0.8537,0.1033,0.7832,0.0246,0.4513,,0.0209,0.6159,,0.0032
642,0.4905,0.0068,,0.0145,0.0052,0.0707,0.0127,0.1121,,0.1482,0.002,0.3285,0.8796,0.1203,0.7951,0.0278,0.4613,,0.0201,0.5949,,0.0029
643,0.4949,0.0054,,0.0142,0.0053,0.0674,0.0122,0.1073,,0.1453,0.0012,0.3233,0.908,0.1372,0.807,0.0318,0.4727,,0.0178,0.5766,,0.0027
644,0.4987,0.007,,0.0139,0.0053,0.0645,0.0126,0.1028,,0.1391,0.0009,0.3156,0.9325,0.1573,0.8196,0.034,0.4861,,0.0164,0.5555,,0.0023
645,0.5021,0.0073,,0.0131,0.0054,0.0621,0.0126,0.0991,,0.1372,0.0006,0.3078,0.9504,0.1786,0.832,0.0389,0.4965,,0.0163,0.5363,,0.002
646,0.5052,0.0073,,0.0126,0.0054,0.0599,0.0127,0.0951,,0.1317,0.0002,0.3029,0.9666,0.2007,0.8451,0.0448,0.5105,,0.0138,0.5226,,0.0016
647,0.5079,0.0085,,0.0122,0.0051,0.0566,0.0123,0.0906,,0.1275,,0.2924,0.9826,0.2274,0.8576,0.0512,0.521,,0.0139,0.5051,,0.0012
648,0.5102,0.0094,,0.0118,0.0054,0.0544,0.0132,0.0886,,0.1227,,0.2936,0.992,0.2551,0.8706,0.0587,0.5367,,0.0135,0.4889,,0.0008
649,0.5123,0.0084,,0.0117,0.0056,0.0521,0.0131,0.0846,,0.1204,,0.2829,0.9977,0.2842,0.8833,0.0623,0.5517,,0.0123,0.4728,,0.0004
650,0.5144,0.0096,,0.011,0.0051,0.0508,0.0128,0.0818,,0.12,,0.2751,1,0.3165,0.8963,0.0696,0.5669,0.0141,0.0121,0.458
651,0.5162,0.0098,,0.0106,0.0053,0.0494,0.0126,0.078,,0.115,,0.2746,0.9956,0.3494,0.9083,0.0792,0.5814,0.0162,0.0111,0.4454
652,0.518,0.0111,,0.0106,0.0053,0.047,0.0128,0.0751,,0.1121,,0.2675,0.9905,0.39,0.9201,0.0879,0.5959,0.0195,0.011,0.4327
653,0.52,0.0114,,0.0101,0.0051,0.0474,0.0131,0.0726,,0.1086,,0.2616,0.9747,0.4292,0.9316,0.0969,0.6143,0.0212,0.0104,0.4208
654,0.522,0.0105,,0.0098,0.0053,0.046,0.0125,0.0703,,0.108,,0.2515,0.959,0.4642,0.9423,0.109,0.6273,0.024,0.0101,0.408
655,0.5243,0.0115,,0.0094,0.0051,0.045,0.0129,0.0663,,0.1034,,0.2447,0.9391,0.5133,0.9535,0.1231,0.6457,0.0264,0.0092,0.3977
656,0.5268,0.0118,,0.009,0.005,0.0437,0.0127,0.0639,,0.1038,,0.2467,0.9142,0.5525,0.9623,0.1345,0.6637,0.03,0.0086,0.3883
657,0.5299,0.0137,,0.0088,0.0051,0.0422,0.0127,0.062,,0.0995,,0.2367,0.8879,0.5979,0.9714,0.1496,0.6865,0.034,0.0093,0.377
658,0.5332,0.0129,,0.0082,0.0049,0.0408,0.0128,0.0594,,0.0964,,0.2397,0.854,0.6441,0.9793,0.1618,0.699,0.0385,0.0093,0.3706
659,0.5372,0.0153,,0.0082,0.0051,0.0398,0.0124,0.0571,,0.0954,,0.2323,0.818,0.6813,0.9856,0.1817,0.7213,0.0393,0.009,0.3613
660,0.5417,0.0159,,0.008,0.005,0.0382,0.0128,0.0553,,0.0952,,0.2311,0.7813,0.7259,0.991,0.2012,0.7386,0.0463,0.0091,0.3535
661,0.5471,0.0139,,0.0076,0.0053,0.0371,0.0124,0.0533,,0.0909,,0.224,0.7432,0.766,0.9955,0.2133,0.7619,0.047,0.008,0.3463
662,0.5529,0.0199,,0.0073,0.0048,0.0362,0.0127,0.051,,0.0884,,0.2257,0.7017,0.8055,0.9984,0.2393,0.7773,0.0522,0.0088,0.3416
663,0.5598,0.0178,,0.0072,0.005,0.0349,0.0125,0.0493,,0.0911,,0.222,0.6529,0.8477,1,0.2573,0.7987,0.0597,0.0073,0.3347
664,0.5675,0.0239,,0.0071,0.0048,0.0342,0.0128,0.0473,,0.0862,,0.2137,0.6139,0.8856,0.9994,0.2831,0.8143,0.0686,0.0072,0.3264
665,0.5761,0.0231,,0.007,0.0049,0.0338,0.0127,0.0461,,0.0845,,0.2116,0.5728,0.9075,0.9981,0.3109,0.8381,0.0762,0.0076,0.3211
666,0.5857,0.0256,,0.0066,0.0047,0.0327,0.0124,0.0441,,0.0841,,0.2052,0.5287,0.932,0.9947,0.3334,0.85,0.0856,0.0068,0.3159
667,0.5961,0.0277,,0.0067,0.0049,0.0316,0.0133,0.0431,,0.081,,0.202,0.4819,0.9507,0.9893,0.3716,0.868,0.0943,0.0079,0.3096
668,0.6075,0.0319,,0.0062,0.0047,0.0304,0.0131,0.0412,,0.0767,,0.1984,0.4466,0.9738,0.9815,0.3923,0.8849,0.1061,0.0065,0.3023
669,0.6197,0.0329,,0.0061,0.005,0.0306,0.0127,0.0405,,0.0778,,0.1926,0.4085,0.9841,0.9727,0.4207,0.9024,0.1193,0.0074,0.2976
670,0.6328,0.0367,,0.0061,0.0049,0.0289,0.0128,0.0381,,0.0769,,0.1891,0.3714,0.9973,0.9615,0.4536,0.9187,0.1334,0.0069,0.2891
671,0.6467,0.0414,,0.006,0.005,0.0279,0.0129,0.0371,,0.0738,,0.1813,0.3349,1,0.9485,0.4836,0.9345,0.1468,0.0074,0.2852
672,0.6615,0.0459,,0.0056,0.0048,0.0275,0.0124,0.0371,,0.0715,,0.1807,0.3038,0.9928,0.9335,0.5319,0.9478,0.1632,0.0069,0.2809
673,0.6771,0.0485,,0.0053,0.0048,0.026,0.0123,0.0355,,0.0685,,0.1788,0.2754,0.9827,0.9167,0.5641,0.9565,0.1792,0.0073,0.2765
674,0.6933,0.0542,,0.0052,0.0046,0.0255,0.012,0.0346,,0.0675,,0.1758,0.2458,0.9688,0.8986,0.5967,0.9671,0.1977,0.0058,0.269
675,0.7106,0.0567,,0.0051,0.0051,0.0249,0.0128,0.0341,,0.0673,,0.1654,0.2232,0.9522,0.878,0.6376,0.9758,0.2172,0.0071,0.2658
676,0.7279,0.0674,,,,,,0.0328,,0.0651,,0.163,0.1986,0.939,0.8564,0.675,0.9824,0.2415,,0.2615
677,0.7461,0.0727,,,,,,0.0316,,0.0613,,0.1545,0.1771,0.9057,0.8326,0.7034,0.9877,0.2635,,0.2555
678,0.764,0.0789,,,,,,0.0326,,0.0619,,0.149,0.1547,0.8844,0.8076,0.7413,0.9902,0.2853,,0.2508
679,0.7833,0.09,,,,,,0.0312,,0.0592,,0.1458,0.1361,0.8615,0.7813,0.7694,0.9915,0.3141,,0.2457
680,0.8014,0.0959,,,,,,0.0298,,0.0593,,0.1447,0.1207,0.8339,0.7549,0.8047,0.9922,0.3421,,0.2415
681,0.8204,0.1072,,,,,,0.0294,,0.0556,,0.1406,0.1084,0.8042,0.7258,0.833,1,0.3762,,0.237
682,0.8394,0.1189,,,,,,0.0294,,0.0512,,0.1369,0.0976,0.7709,0.6969,0.8684,0.9951,0.4055,,0.2318
683,0.8579,0.1333,,,,,,0.0283,,0.052,,0.1298,0.083,0.7475,0.6663,0.8937,0.9848,0.4397,,0.2263
684,0.8769,0.1414,,,,,,0.0273,,0.0527,,0.1218,0.074,0.7092,0.6351,0.9177,0.9776,0.4712,,0.2218
685,0.8925,0.1637,,,,,,0.0267,,0.0493,,0.1172,0.0654,0.683,0.6045,0.9424,0.9651,0.5075,,0.2175
686,0.9089,0.1717,,,,,,0.0242,,0.0472,,0.1152,0.0583,0.6567,0.5732,0.9581,0.956,0.5528,,0.2126
687,0.925,0.1917,,,,,,0.0248,,0.0467,,0.1123,0.0524,0.6199,0.543,0.9783,0.9361,0.5847,,0.2066
688,0.9399,0.2067,,,,,,0.0249,,0.044,,0.1079,0.0473,0.593,0.5127,0.9875,0.9233,0.6314,,0.2011
689,0.9531,0.2224,,,,,,0.0233,,0.0432,,0.1026,0.0428,0.5717,0.4833,0.9878,0.8999,0.6756,,0.1969
690,0.9654,0.2507,,,,,,0.0228,,0.0415,,0.1031,0.0389,0.5372,0.4539,0.9966,0.8762,0.7067,,0.1932
691,0.9759,0.2707,,,,,,0.0241,,0.0384,,0.0968,0.0361,0.5095,0.4251,1,0.8471,0.7344,,0.1873
692,0.9849,0.2964,,,,,,0.0222,,0.0393,,0.0941,0.0321,0.4887,0.3973,0.9916,0.8245,0.7732,,0.1839
693,0.9917,0.3126,,,,,,0.0223,,0.0372,,0.0887,0.0298,0.4652,0.3709,0.9924,0.7953,0.8108,,0.178
694,0.9967,0.3405,,,,,,0.0215,,0.0346,,0.0899,0.0281,0.4451,0.3444,0.9728,0.7683,0.8394,,0.1747
695,0.9995,0.3658,,,,,,0.0216,,0.0354,,0.0853,0.0252,0.4267,0.3188,0.969,0.7379,0.8713,,0.1697
696,1,0.397,,,,,,0.021,,0.031,,0.0867,0.0218,0.4064,0.2955,0.9472,0.7065,0.8958,,0.1659
697,0.9982,0.4249,,,,,,0.0194,,0.0311,,0.0794,0.02,0.3899,0.2727,0.9304,0.6746,0.9221,,0.1625
698,0.9938,0.4559,,,,,,0.0203,,0.0313,,0.0798,0.0191,0.3731,0.2522,0.9051,0.6467,0.9403,,0.1588
699,0.9868,0.488,,,,,,0.0198,,0.029,,0.0802,0.0171,0.3564,0.2319,0.8901,0.6074,0.9525,,0.1523
700,0.9774,0.5188,,,,,,0.0183,,0.0285,,0.0768,0.0164,0.3406,0.2139,0.8619,0.5848,0.9685,,0.1491
701,0.9654,0.5488,,,,,,,,0.0288,,0.0709,,0.3303,0.196,0.8244,0.5504,0.9816,,0.1439
702,0.9512,0.5902,,,,,,,,0.0269,,0.0691,,0.318,0.1806,0.8055,0.5204,0.9839,,0.1397
703,0.934,0.6247,,,,,,,,0.0254,,0.0678,,0.3064,0.1656,0.7721,0.4902,0.9968,,0.1352
704,0.9153,0.6658,,,,,,,,0.0248,,0.065,,0.2973,0.1518,0.7401,0.4616,1,,0.13
705,0.8936,0.6825,,,,,,,,0.0235,,0.0611,,0.2845,0.139,0.7125,0.433,0.9937,,0.1251
706,0.8704,0.7332,,,,,,,,0.0217,,0.0611,,0.2749,0.1279,0.6855,0.406,0.9847,,0.1225
707,0.8453,0.7465,,,,,,,,0.0222,,0.0596,,0.2693,0.1169,0.6479,0.3797,0.9772,,0.1187
708,0.8188,0.7948,,,,,,,,0.02,,0.059,,0.2625,0.1075,0.6164,0.3554,0.9669,,0.1149
709,0.791,0.8274,,,,,,,,0.0183,,0.0571,,0.2528,0.0985,0.5883,0.3318,0.9469,,0.1098
710,0.7613,0.8573,,,,,,,,0.0211,,0.0509,,0.2494,0.0906,0.5551,0.3087,0.9322,,0.1065
711,0.7317,0.8815,,,,,,,,0.0185,,0.0528,,0.2446,0.0834,0.5368,0.2875,0.9095,,0.1025
712,0.7003,0.9075,,,,,,,,0.0192,,0.051,,0.2418,0.0766,0.4984,0.2666,0.8882,,0.1004
713,0.6691,0.9255,,,,,,,,0.0181,,0.051,,0.2364,0.0706,0.4784,0.2478,0.8615,,0.0965
714,0.6366,0.9476,,,,,,,,0.0165,,0.0502,,0.2355,0.0652,0.4478,0.2294,0.8318,,0.0937
715,0.6049,0.9621,,,,,,,,0.0158,,0.0501,,0.2327,0.0599,0.427,0.2131,0.807,,0.0901
716,0.5728,0.9783,,,,,,,,0.0156,,0.0475,,0.2309,0.0556,0.4031,0.1973,0.7793,,0.0852
717,0.5413,0.9818,,,,,,,,0.0144,,0.0446,,0.2274,0.0514,0.3882,0.1827,0.7528,,0.0832
718,0.5102,0.9923,,,,,,,,0.0153,,0.0452,,0.226,0.0475,0.3625,0.1686,0.7264,,0.0807
719,0.4801,1,,,,,,,,0.0125,,0.0437,,0.2223,0.044,0.351,0.1564,0.7016,,0.0766
720,0.4504,0.9987,,,,,,,,0.0151,,0.0461,,0.2213,0.041,0.3291,0.1446,0.6783,,0.0736
721,0.4216,0.9953,,,,,,,,0.0119,,0.0455,,0.2205,0.0384,0.3131,0.1331,0.6515,,0.0731
722,0.3948,0.9877,,,,,,,,0.013,,0.0423,,0.2176,0.0351,0.2973,0.1236,0.6237,,0.0703
723,0.3681,0.9609,,,,,,,,0.0129,,0.0418,,0.2181,0.0329,0.2844,0.1138,0.6019,,0.0672
724,0.3425,0.964,,,,,,,,0.0131,,0.0417,,0.215,0.0311,0.2648,0.1053,0.5803,,0.0636
725,0.3175,0.94,,,,,,,,,,0.0396,,0.2143,0.0289,0.2535,0.0973,0.5568,,0.0619
726,0.2948,0.9259,,,,,,,,,,,,0.2097,0.0273,0.2441,0.0899,0.5306,,0.0605
727,0.2728,0.8915,,,,,,,,,,,,0.2084,0.0256,0.2293,0.0833,0.5074,,0.0585
728,0.2527,0.873,,,,,,,,,,,,0.2077,0.0242,0.22,0.0768,0.4839,,0.0579
729,0.2331,0.8534,,,,,,,,,,,,0.2036,0.0227,0.2091,0.071,0.4673,,0.0554
730,0.2155,0.8235,,,,,,,,,,,,0.2003,0.0213,0.1997,0.066,0.447,,0.0546
731,0.1987,0.7928,,,,,,,,,,,,0.1981,0.0203,0.1878,0.0608,0.4232,,0.0532
732,0.1834,0.7622,,,,,,,,,,,,0.1973,0.0192,0.1849,0.0561,0.4136,,0.052
733,0.1691,0.7346,,,,,,,,,,,,0.1925,0.0186,0.1793,0.052,0.3959,,0.0511
734,0.156,0.7085,,,,,,,,,,,,0.1897,0.0175,0.1682,0.0483,0.3755,,0.0485
735,0.1438,0.6669,,,,,,,,,,,,0.1861,0.0169,0.1664,0.0443,0.3643,,0.0482
736,0.1327,0.6537,,,,,,,,,,,,0.1825,0.0159,0.1553,0.0414,0.3482,,0.0467
737,0.1225,0.6118,,,,,,,,,,,,0.1789,0.0153,0.1518,0.0385,0.3343,,0.0459
738,0.1131,0.5772,,,,,,,,,,,,0.176,0.0148,0.1423,0.0358,0.3257,,0.044
739,0.1046,0.5592,,,,,,,,,,,,0.1726,0.0143,0.1419,0.033,0.311,,0.0436
740,0.0966,0.5288,,,,,,,,,,,,0.1682,0.0138,0.1361,0.0309,0.3026,,0.0417
741,0.0893,0.5107,,,,,,,,,,,,0.1636,0.013,0.1291,0.0287,0.2879,,0.0409
742,0.0825,0.484,,,,,,,,,,,,0.1591,0.0127,0.124,0.0268,0.2808,,0.0406
743,0.0763,0.4535,,,,,,,,,,,,0.1539,0.0126,0.1217,0.025,0.2719,,0.0398
744,0.0707,0.4247,,,,,,,,,,,,0.1504,0.012,0.1208,0.0234,0.2631,,0.0386
745,0.0653,0.4071,,,,,,,,,,,,0.1471,0.0118,0.1151,0.022,0.253,,0.0382
746,0.0608,0.3793,,,,,,,,,,,,0.143,0.0117,0.1084,0.0204,0.2484,,0.0375
747,0.0561,0.3646,,,,,,,,,,,,0.1384,0.0113,0.1054,0.0191,0.239,,0.0357
748,0.0522,0.3571,,,,,,,,,,,,0.1337,0.0109,0.1024,0.0178,0.2304,,0.0357
749,0.0485,0.3311,,,,,,,,,,,,0.1299,0.0106,0.1034,0.0166,0.2273,,0.0352
750,0.0451,0.3205,,,,,,,,,,,,0.1259,0.0103,0.0958,0.0159,0.2219,,0.034
751,0.0418,0.3026,,,,,,,,,,,,0.12,,0.096,,0.2114
752,0.0389,0.2916,,,,,,,,,,,,0.1144,,0.0901,,0.2004
753,0.0364,0.2793,,,,,,,,,,,,0.1105,,0.0866,,0.1987
754,0.0338,0.2676,,,,,,,,,,,,0.1081,,0.0871,,0.1973
755,0.0314,0.2526,,,,,,,,,,,,0.1039,,0.0809,,0.1869
756,0.0292,0.2334,,,,,,,,,,,,0.0987,,0.0795,,0.1825
757,0.0272,0.2301,,,,,,,,,,,,0.0942,,0.0785,,0.1809
758,0.0253,0.2134,,,,,,,,,,,,0.0891,,0.0742,,0.1722
759,0.0237,0.2099,,,,,,,,,,,,0.0864,,0.0759,,0.1649
760,0.0221,0.2026,,,,,,,,,,,,0.0805,,0.0698,,0.1655
761,0.0205,0.1968,,,,,,,,,,,,0.0782,,0.0705,,0.1664
762,0.0192,0.1865,,,,,,,,,,,,0.0752,,0.0646,,0.1662
763,0.018,0.181,,,,,,,,,,,,0.0723,,0.0628,,0.1603
764,0.0167,0.1754,,,,,,,,,,,,0.07,,0.063,,0.1582
765,0.0159,0.1727,,,,,,,,,,,,0.0666,,0.0592,,0.1506
766,0.0147,0.1639,,,,,,,,,,,,0.0648,,0.058,,0.1519
767,0.0139,0.1559,,,,,,,,,,,,0.0631,,0.0552,,0.1472
768,0.013,0.1526,,,,,,,,,,,,0.0611,,0.0541,,0.1466
769,0.0124,0.149,,,,,,,,,,,,0.0592,,0.0514,,0.1442
770,0.0116,0.1451,,,,,,,,,,,,0.0568,,0.049,,0.143
771,0.0108,0.1377,,,,,,,,,,,,0.0565,,0.0454,,0.14
772,0.0103,0.1379,,,,,,,,,,,,0.0553,,0.047,,0.1346
773,0.0097,0.1334,,,,,,,,,,,,0.0534,,0.0425,,0.1328
774,0.009,0.1296,,,,,,,,,,,,0.0513,,0.0426,,0.1313
775,0.0085,0.125,,,,,,,,,,,,0.0499,,0.0404,,0.1271
776,0.0081,0.1236,,,,,,,,,,,,0.0472,,0.0393,,0.1247
777,0.0078,0.1223,,,,,,,,,,,,0.0464,,0.0378,,0.1232
778,0.0072,0.1201,,,,,,,,,,,,0.0443,,0.0364,,0.1205
779,0.0071,0.1186,,,,,,,,,,,,0.0433,,0.0349,,0.1166
780,0.0066,0.1134,,,,,,,,,,,,0.0427,,0.0347,,0.1163
781,0.0065,0.1115,,,,,,,,,,,,0.0417,,0.0343,,0.1147
782,0.0062,0.1076,,,,,,,,,,,,0.0395,,0.033,,0.111
783,0.0059,0.1074,,,,,,,,,,,,0.0385,,0.0321,,0.1054
784,0.0056,0.1019,,,,,,,,,,,,0.0371,,0.0313,,0.1018
785,0.0056,0.0998,,,,,,,,,,,,0.0359,,0.0304,,0.1028
786,0.0053,0.0987,,,,,,,,,,,,0.0359,,0.0295,,0.099
787,0.0051,0.0961,,,,,,,,,,,,0.0345,,0.0286,,0.096
788,0.0049,0.0937,,,,,,,,,,,,0.0341,,0.0278,,0.0932
789,0.0048,0.0966,,,,,,,,,,,,0.0337,,0.0269,,0.0926
790,0.0046,0.0931,,,,,,,,,,,,0.0332,,0.026,,0.0893
791,,0.0912,,,,,,,,,,,,0.0337,,0.0251,,0.0856
792,,0.0894,,,,,,,,,,,,0.0325,,0.0243,,0.0849
793,,0.0875,,,,,,,,,,,,0.0311,,0.0234,,0.0823
794,,0.0857,,,,,,,,,,,,0.0293,,0.0225,,0.0771
795,,0.0838,,,,,,,,,,,,0.0289,,0.0216,,0.0746
796,,0.082,,,,,,,,,,,,0.0282,,0.0208,,0.0709
797,,0.0801,,,,,,,,,,,,0.028,,0.0199,,0.0705
798,,0.0783,,,,,,,,,,,,0.0266,,0.019,,0.0682
799,,0.0764,,,,,,,,,,,,0.0262,,0.0182,,0.0665
800,,0.0746,,,,,,,,,,,,0.0257,,0.0173,,0.0631
801,,0.0727
802,,0.0709
803,,0.069
804,,0.0672
805,,0.0654
806,,0.0635
807,,0.0617
808,,0.0598
809,,0.058
810,,0.0561
811,,0.0543
812,,0.0524
813,,0.0506
814,,0.0487
815,,0.0469
816,,0.045
817,,0.0432
818,,0.0413
819,,0.0395
820,,0.0376
821,,0.0358
822,,0.0339
823,,0.0334
824,,0.0324
825,,0.0291
826,,0.0298
827,,0.0267
828,,0.025
829,,0.0259
830,,0.022
831,,0.0213
832,,0.0218
833,,0.0208
834,,0.0191
835,,0.0184
836,,0.0172
837,,0.0151
838,,0.0152
839,,0.015
840,,0.0143
841,,0.0143
842,,0.0141
843,,0.0121
844,,0.0106
845,,0.0112
846,,0.0112
847,,0.0081
848,,0.0102
849,,0.0089
850,,0.0092